"Rank","Name","Symbol","marketcap","price (USD)","country"
"1","NVIDIA","NVDA","3433952182272","139.99","United States"
"2","Apple","AAPL","3372788482048","223.13","United States"
"3","Microsoft","MSFT","3079415791616","414.185","United States"
"4","Amazon","AMZN","2087858470912","198.56","United States"
"5","Alphabet (Google)","GOOG","2087728578560","171.35","United States"
"6","Meta Platforms (Facebook)","META","1439388401664","570.17","United States"
"7","TSMC","TSM","1027129540608","198.055","Taiwan"
"8","Tesla","TSLA","811727847424","252.87","United States"
"9","Broadcom","AVGO","805348114432","172.43","United States"
"10","Tencent","TCEHY","505548505088","54.83","China"
"11","Oracle","ORCL","473033801728","170.705","United States"
"12","Netflix","NFLX","327091748864","765.202","United States"
"13","Salesforce","CRM","282392854528","295.39","United States"
"14","Samsung","005930.KS","277775351610","41.7639","South Korea"
"15","SAP","SAP","275702939648","235.38","Germany"
"16","ASML","ASML","272804970496","682.244","Netherlands"
"17","Alibaba","BABA","239326642176","99.585","China"
"18","AMD","AMD","230268633088","141.895","United States"
"19","Cisco","CSCO","223496142848","56.07","United States"
"20","Adobe","ADBE","213259288576","484.46","United States"
"21","ServiceNow","NOW","199190806528","965.46","United States"
"22","IBM","IBM","191447744512","207.05","United States"
"23","Texas Instruments","TXN","186484523008","204.43","United States"
"24","QUALCOMM","QCOM","184673337344","165.775","United States"
"25","Intuit","INTU","171981570048","613.58","United States"
"26","Pinduoduo","PDD","170249322496","122.59","China"
"27","Booking Holdings (Booking.com)","BKNG","161500643328","4879.66","United States"
"28","Uber","UBER","156285796352","74.22","United States"
"29","Applied Materials","AMAT","153594707968","186.31","United States"
"30","Meituan","3690.HK","150763378901","24.9384","China"
"31","Schneider Electric","SU.PA","150425573205","261.284","France"
"32","Arm Holdings","ARM","146153979904","139.46","United Kingdom"
"33","Arista Networks","ANET","126521974784","402.74","United States"
"34","Palo Alto Networks","PANW","119678959616","365.71","United States"
"35","Automatic Data Processing","ADP","118303096832","290.345","United States"
"36","Micron Technology","MU","115353305088","104.04","United States"
"37","Fiserv","FI","114796470272","201.78","United States"
"38","Palantir","PLTR","113640890368","50.745","United States"
"39","Keyence","6861.T","110162503821","454.232","Japan"
"40","Sony","SONY","108925607936","18.05","Japan"
"41","Analog Devices","ADI","108071624704","217.67","United States"
"42","MercadoLibre","MELI","105164406784","2074.36","Argentina"
"43","Shopify","SHOP","101858607104","79.03","Canada"
"44","Intel","INTC","101139849216","23.45","United States"
"45","Lam Research","LRCX","98200182784","76.32","United States"
"46","SK Hynix","000660.KS","96463830419","140.083","South Korea"
"47","Foxconn (Hon Hai Precision Industry)","2317.TW","92875827096","6.70027","Taiwan"
"48","Dell","DELL","92803874816","132.2","United States"
"49","Xiaomi","XIACF","91116765184","3.61","China"
"50","KLA","KLAC","90848452608","679.19","United States"
"51","NextVision Stabilized Systems","NXSN.TA","88950338397","11.1073","Israel"
"52","Airbnb","ABNB","88460165120","139.875","United States"
"53","Equinix","EQIX","87045382144","902.135","United States"
"54","Synopsys","SNPS","81316069376","529.353","United States"
"55","Cadence Design Systems","CDNS","80481304576","293.446","United States"
"56","PayPal","PYPL","79381118976","79.18","United States"
"57","Spotify","SPOT","76534956032","381.135","Sweden"
"58","CrowdStrike","CRWD","74357997568","303.346","United States"
"59","Marvell Technology Group","MRVL","74051436544","85.49","United States"
"60","Tokyo Electron","8035.T","69482005848","150.797","Japan"
"61","DoorDash","DASH","66438438912","159.94","United States"
"62","Constellation Software","CSU.TO","64907473926","3062.9","Canada"
"63","MediaTek","2454.TW","64376413502","40.3895","Taiwan"
"64","Workday","WDAY","63720574976","240.455","United States"
"65","Autodesk","ADSK","62904922112","291.89","United States"
"66","Jingdong Mall","JD","62133784576","40.305","China"
"67","Fortinet","FTNT","59609284608","77.93","United States"
"68","Nintendo","7974.T","58816450992","50.3489","Japan"
"69","The Trade Desk","TTD","58647662592","118.9","United States"
"70","Roper Technologies","ROP","58364743680","544.3","United States"
"71","Atlassian","TEAM","56697565184","217.705","Australia"
"72","NXP Semiconductors","NXPI","56153341952","220.44","Netherlands"
"73","AppLovin","APP","55241330688","165.27","United States"
"74","Delta Electronics (Thailand)","DELTA.BK","55047821731","4.41308","Thailand"
"75","Sea (Garena)","SE","54797778944","95.41","Singapore"
"76","NetEase","NTES","52291952640","80.18","China"
"77","FICO","FICO","49070956544","2001.38","United States"
"78","Coinbase","COIN","48827514880","195.037","United States"
"79","Adyen","ADYEN.AS","48405426742","1526.17","Netherlands"
"80","Fidelity National Information Services","FIS","48279867392","88.495","United States"
"81","Coupang","CPNG","47577890816","26.525","South Korea"
"82","MicroStrategy","MSTR","47345745920","233.64","United States"
"83","SMIC","0981.HK","46983655662","3.53873","China"
"84","Dassault Systèmes","DSY.PA","45640465975","34.3764","France"
"85","TE Connectivity","TEL","44960710656","149.91","Switzerland"
"86","Block","SQ","44756774912","72.699","United States"
"87","Trip.com","TCOM","44138680320","67.79","China"
"88","Advantest","6857.T","43268524031","58.5233","Japan"
"89","Datadog","DDOG","42282233856","125.41","United States"
"90","Infineon","IFX.DE","41499526978","31.9887","Germany"
"91","Wolters Kluwer","WKL.AS","40942132473","174.008","Netherlands"
"92","Electronic Arts","EA","40493821952","154.396","United States"
"93","Microchip Technology","MCHP","39924019200","74.415","United States"
"94","Garmin","GRMN","39063642112","203.43","Switzerland"
"95","Quanta Computer","2382.TW","38377451079","9.95648","Taiwan"
"96","Snowflake","SNOW","38372020224","114.475","United States"
"97","IQVIA","IQV","38370914304","211.41","United States"
"98","Monolithic Power Systems","MPWR","37128622080","761.16","United States"
"99","HP","HPQ","35034333184","36.365","United States"
"100","Veeva Systems","VEEV","34658734080","214.03","United States"
"101","Murata Manufacturing (Murata Seisakusho)","6981.T","34508271456","18.4238","Japan"
"102","Baidu","BIDU","32425340928","92.141","China"
"103","Delta Electronics","2308.TW","32409273542","12.4769","Taiwan"
"104","Amadeus IT Group","AMS.MC","32241593441","74.0079","Spain"
"105","Disco Corp.","6146.T","31741473951","292.913","Japan"
"106","Canon","7751.T","30947230708","32.7833","Japan"
"107","CoStar Group","CSGP","30861789184","75.28","United States"
"108","ON Semiconductor","ON","29925011456","70.28","United States"
"109","HubSpot","HUBS","29640581120","577.24","United States"
"110","Kuaishou Technology","1024.HK","29607713542","6.86513","China"
"111","Cloudflare","NET","29603440640","86.635","United States"
"112","eBay","EBAY","29123198976","60.8","United States"
"113","Take 2 Interactive","TTWO","28645625856","163.425","United States"
"114","Ansys","ANSS","28601632768","327.3","United States"
"115","Zscaler","ZS","28338741248","185.84","United States"
"116","ASM International","ASM.AS","28118142381","560.837","Netherlands"
"117","Ericsson","ERIC","28058355712","8.33","Sweden"
"118","Global Payments","GPN","27213152256","106.93","United States"
"119","WiseTech Global","WTC.AX","26883682395","80.3789","Australia"
"120","Keysight","KEYS","26814130176","154.51","United States"
"121","Samsara","IOT","26174003200","47.045","United States"
"122","Hewlett Packard Enterprise","HPE","25895479296","19.94","United States"
"123","Nokia","NOK","25716418560","4.7049","Finland"
"124","Tyler Technologies","TYL","25687076864","600.185","United States"
"125","Leidos","LDOS","25150787584","188.49","United States"
"126","STMicroelectronics","STM","25118867456","26.79","Switzerland"
"127","Zomato","ZOMATO.NS","25105397111","2.87701","India"
"128","NetApp","NTAP","23834693632","116.39","United States"
"129","Zoom","ZM","23619727360","76.74","United States"
"130","GoDaddy","GDDY","23537956864","167.66","United States"
"131","DiDi","DIDIY","23339405312","4.82","China"
"132","Renesas Electronics","6723.T","23019853648","12.8503","Japan"
"133","NEC Corp","6701.T","22857796016","85.7562","Japan"
"134","PTC","PTC","22613010432","188.23","United States"
"135","GlobalFoundries","GFS","22291791872","40.4","United States"
"136","Robinhood","HOOD","22201057280","25.115","United States"
"137","Kaspi.kz Joint Stock Company","KKS.F","22200125739","111.208","Kazakhstan"
"138","Panasonic","6752.T","21893078758","9.37794","Japan"
"139","Expedia Group","EXPE","21600731136","165.931","United States"
"140","Seagate Technology","STX","21368760320","101.02","Ireland"
"141","ASE Group","ASX","21101367296","9.715","Taiwan"
"142","Reddit","RDDT","20740696064","118.128","United States"
"143","Snap","SNAP","20445188096","12.19","United States"
"144","MongoDB","MDB","19847258112","268.68","United States"
"145","Zebra Technologies","ZBRA","19569451008","379.4","United States"
"146","Naver","035420.KS","19055416501","127.975","South Korea"
"147","Check Point Software","CHKP","18793895936","170.88","Israel"
"148","SS&C Technologies","SSNC","17799880704","71.865","United States"
"149","United Microelectronics","UMC","17768202240","6.965","Taiwan"
"150","AMEC","688012.SS","17739740533","28.5111","China"
"151","FactSet","FDS","17705441280","466.07","United States"
"152","Gen Digital","GEN","17577246720","28.525","United States"
"153","Toast","TOST","17312409600","30.805","United States"
"154","Nutanix","NTNX","17181278208","64.1485","United States"
"155","Symbotic","SYM","17069570048","29.15","United States"
"156","Lenovo","0992.HK","16728679921","1.34858","Hong Kong"
"157","Pure Storage","PSTG","16677884928","50.895","United States"
"158","Grab Holdings","GRAB","16343482368","4.1261","Singapore"
"159","Dynatrace","DT","16213479424","54.425","United States"
"160","Manhattan Associates","MANH","16081125376","263.3","United States"
"161","Align Technology","ALGN","15880230912","212.595","United States"
"162","Guidewire Software","GWRE","15482771456","185.38","United States"
"163","Supermicro","SMCI","15405863936","26.3094","United States"
"164","AspenTech","AZPN","15229894656","240.79","United States"
"165","Xero","XRO.AX","15226895826","99.6942","New Zealand"
"166","Entegris","ENTG","15218582528","100.8","United States"
"167","Akamai","AKAM","15125324800","99.82","United States"
"168","Bentley Systems","BSY","14928116736","49.405","United States"
"169","Trimble","TRMB","14916225024","61.08","United States"
"170","monday.com","MNDY","14812051456","297.08","Israel"
"171","DocuSign","DOCU","14449647616","71.19","United States"
"172","Zillow","Z","14377235456","62.16","United States"
"173","Astera Labs","ALAB","14347994112","91.5886","United States"
"174","Coherent","COHR","14322886656","92.76","United States"
"175","Nexon","3659.T","14245686973","17.1677","Japan"
"176","Skyworks Solutions","SWKS","14107714560","88.33","United States"
"177","Bandai Namco","7832.T","13962319283","21.3404","Japan"
"178","ASUS","2357.TW","13860326833","18.6606","Taiwan"
"179","Futu Holdings","FUTU","13667480576","99.095","Hong Kong"
"180","Pro Medicus","PME.AX","13503821450","129.224","Australia"
"181","Twilio","TWLO","13486288896","87.925","United States"
"182","F5 Networks","FFIV","13471417344","231.89","United States"
"183","Jack Henry &amp; Associates","JKHY","13434302464","184.24","United States"
"184","Rakuten","4755.T","12954496071","6.02661","Japan"
"185","Juniper Networks","JNPR","12915780608","39.01","United States"
"186","Sage Group","SGE.L","12896139662","12.8775","United Kingdom"
"187","Adevinta","ADE.OL","12713996310","10.4133","Norway"
"188","Logitech","LOGI","12705435648","83.82","Switzerland"
"189","Paycom","PAYC","12599146496","218.5","United States"
"190","Okta","OKTA","12416912384","73.1","United States"
"191","Nemetschek","NEM.F","12416376241","107.501","Germany"
"192","Oracle Corp Japan","4716.T","12377898764","96.6072","Japan"
"193","SoFi","SOFI","12342934528","11.385","United States"
"194","Mobileye","MBLY","12214383616","15.06","Israel"
"195","CyberArk","CYBR","12141856768","278.652","Israel"
"196","Konami Holdings","9766.T","12110704427","89.3403","Japan"
"197","Dayforce","DAY","12049857536","76.41","United States"
"198","Kakao","035720.KS","12009912545","27.3713","South Korea"
"199","JD Health","6618.HK","12008662873","3.76392","China"
"200","Chewy","CHWY","11996427264","29.41","United States"
"201","Delivery Hero","DHER.F","11892661422","42.4117","Germany"
"202","Lasertec","6920.T","11862171982","131.528","Japan"
"203","Instacart (Maplebear Inc.)","CART","11765124096","45.76","United States"
"204","Enphase Energy","ENPH","11657032704","86.28","United States"
"205","LG Electronics","066570.KS","11434092909","66.6338","South Korea"
"206","MakeMyTrip","MMYT","11297666048","102.91","India"
"207","Wiwynn","6669.TW","11216947751","60.3578","Taiwan"
"208","Krafton","259960.KS","10957904640","241.085","South Korea"
"209","NICE","NICE","10944489472","172.25","Israel"
"210","Paylocity","PCTY","10856132608","194.74","United States"
"211","EPAM Systems","EPAM","10823419904","190.1","United States"
"212","Klaviyo","KVYO","10504249344","39.39","United States"
"213","Amdocs","DOX","10223500288","88.9","United States"
"214","Roku","ROKU","10213298176","70.34","United States"
"215","Procore","PCOR","9933728768","66.82","United States"
"216","Bilibili","BILI","9740081152","23.2699","China"
"217","Carsales","CAR.AX","9562184554","25.3182","Australia"
"218","ZOZO","3092.T","9423026449","31.7311","Japan"
"219","Match Group","MTCH","9402851328","36.46","United States"
"220","Novatek Microelectronics","3034.TW","9326110221","15.3261","Taiwan"
"221","Descartes Systems","DSGX","9199422464","107.62","Canada"
"222","Globant","GLOB","9136351232","211.77","Luxembourg"
"223","Allegro.eu","ALE.WA","9116877017","8.62712","Poland"
"224","GitLab","GTLB","9027113984","56.27","United States"
"225","Wix.com","WIX","9026683904","164.655","Israel"
"226","Aurora Innovation","AUR","9002631168","5.2389","United States"
"227","BE Semiconductor","BESI.AS","8870928635","111.154","Netherlands"
"228","PB Fintech","POLICYBZR.NS","8860123422","19.5307","India"
"229","Altair Engineering","ALTR","8858273792","103.99","United States"
"230","Advantech","2395.TW","8785979396","10.1756","Taiwan"
"231","Alibaba Health Information Technology","0241.HK","8759038966","0.54432","Hong Kong"
"232","Confluent","CFLT","8631188480","26.315","United States"
"233","Onto Innovation","ONTO","8573835776","173.59","United States"
"234","Monotaro","3064.T","8534007515","17.1743","Japan"
"235","Unity Software","U","8413428736","21.2001","United States"
"236","Dropbox","DBX","8395279872","26.5","United States"
"237","MACOM","MTSI","8372013568","115.97","United States"
"238","Elastic NV","ESTC","8338784768","81.16","United States"
"239","SentinelOne","S","8114589696","25.58","United States"
"240","Zalando","ZAL.DE","7887019485","30.2769","Germany"
"241","Unimicron","3037.TW","7872255501","5.1661","Taiwan"
"242","Informatica","INFA","7861732864","25.75","United States"
"243","Smartsheet","SMAR","7779849216","55.85","United States"
"244","Doximity","DOCS","7729067520","41.63","United States"
"245","Vipshop","VIPS","7724355584","14.48","China"
"246","Schibsted","SCHA.OL","7715754789","34.6536","Norway"
"247","eMemory Technology","3529.TWO","7714327566","103.322","Taiwan"
"248","Realtek","2379.TW","7690699609","14.9956","Taiwan"
"249","Rubrik","RBRK","7668481024","42.215","United States"
"250","OpenText","OTEX","7657344000","28.8","Canada"
"251","AST SpaceMobile","ASTS","7629068288","24.03","United States"
"252","Lumen","LUMN","7427796992","7.305","United States"
"253","Lite-On Technology","2301.TW","7382061021","3.20924","Taiwan"
"254","Lumine Group","LMN.V","7345333045","27.5409","Canada"
"255","Topicus","TOI.V","7287029382","87.7227","Canada"
"256","Pegasystems","PEGA","7084121600","82.61","United States"
"257","Credo Technology","CRDO","7054398464","42.48","United States"
"258","NEXTDC","NXT.AX","6975915013","10.8781","Australia"
"259","OneStream","OS","6973447680","29.745","United States"
"260","Lattice Semiconductor","LSCC","6959257600","50.44","United States"
"261","Commvault","CVLT","6939316224","158.7","United States"
"262","Genpact","G","6937360896","38.935","Bermuda"
"263","HashiCorp","HCP","6867961344","33.85","United States"
"264","CCC Intelligent Solutions","CCCS","6852374528","10.955","United States"
"265","UiPath","PATH","6833228288","12.425","United States"
"266","Zeta Global","ZETA","6803245568","28.809","United States"
"267","Qorvo","QRVO","6802141696","71.96","United States"
"268","Trend Micro","4704.T","6772540804","51.6247","Japan"
"269","M3, Inc","2413.T","6680432513","9.83829","Japan"
"270","Vertex","VERX","6663340032","42.845","United States"
"271","Tempus AI","TEM","6658479104","43.1475","United States"
"272","Clearwater Analytics","CWAN","6628578816","26.91","United States"
"273","Global-e","GLBE","6483464704","38.825","Israel"
"274","Squarespace","SQSP","6470017024","46.57","United States"
"275","Amkor Technology","AMKR","6434603008","26.09","United States"
"276","SPS Commerce","SPSC","6321772032","168.275","United States"
"277","QXO, Inc.","QXO","6321640448","15.4401","United States"
"278","GlobalWafers","6488.TWO","6257291870","13.0874","Taiwan"
"279","Nykaa","NYKAA.NS","6236001802","2.1814","India"
"280","Entain","ENT.L","6044337316","9.45457","Isle of Man"
"281","Etsy","ETSY","5850708480","52.01","United States"
"282","Silergy","6415.TW","5813838908","15.1069","China"
"283","Paytm","PAYTM.NS","5789824576","9.09302","India"
"284","Varonis","VRNS","5729835008","50.945","United States"
"285","Yonyou","600588.SS","5686580750","1.6642","China"
"286","Lyft","LYFT","5621201408","13.705","United States"
"287","Cirrus Logic","CRUS","5600698368","104.86","United States"
"288","Impinj","PI","5519954432","195.13","United States"
"289","Alchip Technologies","3661.TW","5489733841","68.7248","Taiwan"
"290","Wayfair","W","5468294144","43.635","United States"
"291","Vanguard International Semiconductor","5347.TWO","5389289694","2.93059","Taiwan"
"292","Nova Measuring Instruments","NVMI","5346843136","184.08","Israel"
"293","ACI Worldwide","ACIW","5327041536","50.9","United States"
"294","Technology One","TNE.AX","5324978975","16.3305","Australia"
"295","Tata Elxsi","TATAELXSI.NS","5209255674","83.6398","India"
"296","360 DigiTech","QFIN","5207219200","33.54","China"
"297","Q2","QTWO","5151199232","85.45","United States"
"298","Global Unichip Corp.","3443.TW","5097948524","38.0413","Taiwan"
"299","Temenos","TEMN.SW","5063634311","69.3874","Switzerland"
"300","CLEAR Secure","YOU","4990576640","35.84","United States"
"301","Waystar","WAY","4841473024","29.05","United States"
"302","Kingsoft","3888.HK","4823085381","3.63524","China"
"303","Darktrace","DARK.L","4801915655","7.50124","United Kingdom"
"304","Nuvei","NVEI","4749964288","33.535","Canada"
"305","Hims &amp; Hers Health","HIMS","4736033280","21.8809","United States"
"306","Marathon Digital Holdings","MARA","4732213248","16.07","United States"
"307","Clarivate","CLVT","4705105920","6.4975","United Kingdom"
"308","Box","BOX","4671424000","32.6153","United States"
"309","Tower Semiconductor","TSEM","4660001792","41.4425","Israel"
"310","Tenable","TENB","4649873920","38.79","United States"
"311","Qualys","QLYS","4645180416","126.19","United States"
"312","Jubilant FoodWorks","JUBLFOOD.NS","4629687314","7.04116","India"
"313","ASM Pacific Technology","0522.HK","4589777893","11.073","Hong Kong"
"314","GoTo","GOTO.JK","4522063432","0.00419607","Indonesia"
"315","Technoprobe","TPRO.MI","4507597314","6.96686","Italy"
"316","Upstart","UPST","4503429120","50.31","United States"
"317","Workiva","WK","4491288064","81.305","United States"
"318","KPIT Technologies","KPITTECH.NS","4490723632","16.5338","India"
"319","Lumentum","LITE","4482650112","65.32","United States"
"320","Softcat","SCT.L","4481637995","22.2774","United Kingdom"
"321","nCino","NCNO","4303223296","37.238","United States"
"322","Nikon","NINOY","4249610240","12.26","Japan"
"323","Rohm","6963.T","4237402031","10.9793","Japan"
"324","WeRide","WRD","4227192064","15.4","China"
"325","InterDigital","IDCC","4214910720","166.31","United States"
"326","Nebius Group","NBIS","4156503296","20.6","Netherlands"
"327","Cellebrite","CLBT","4150766848","19.32","Israel"
"328","ZoomInfo","ZI","4149580800","11.36","United States"
"329","Sega Sammy Holdings","6460.T","4053077701","19.0058","Japan"
"330","Sanmina","SANM","4046034432","74.04","United States"
"331","SiTime","SITM","4041675520","174.72","United States"
"332","CD Projekt","CDR.WA","4034796056","40.3841","Poland"
"333","Hisense Visual Technology","600060.SS","4015908710","3.07638","China"
"334","Sopra Steria Group","SOP.PA","3976646001","194.614","France"
"335","Fortnox AB","FNOX.ST","3964888416","6.5023","Sweden"
"336","Blackbaud","BLKB","3919971072","77.29","United States"
"337","Payoneer","PAYO","3912488704","10.247","United States"
"338","Intapp","INTA","3911417088","50.82","United States"
"339","Nanya Technology","2408.TW","3884896393","1.25395","Taiwan"
"340","Embracer Group","EMBRAC-B.ST","3883642728","2.87552","Sweden"
"341","Remitly","RELY","3856247296","19.47","United States"
"342","Acer","2353.TW","3854357025","1.28213","Taiwan"
"343","Alight","ALIT","3852111360","6.915","United States"
"344","PowerSchool","PWSC","3801742592","22.81","United States"
"345","Ocado","OCDO.L","3760202336","4.57513","United Kingdom"
"346","Freshworks","FRSH","3747438848","12.405","United States"
"347","Alkami Technology","ALKT","3728438528","37.1","United States"
"348","IONOS Group","IOS.DE","3716802652","25.894","Germany"
"349","Allegro MicroSystems","ALGM","3714637056","20.19","United States"
"350","Power Integrations","POWI","3646465024","64.165","United States"
"351","United Internet","UTDI.F","3572818561","20.6716","Germany"
"352","Silicon Labs","SLAB","3535010816","109.48","United States"
"353","Presight AI","PRESIGHT.AE","3512201258","0.63","United Arab Emirates"
"354","Semtech","SMTC","3496564736","46.48","United States"
"355","Envestnet","ENV","3471300608","62.835","United States"
"356","Autohome","ATHM","3461957888","28.585","China"
"357","Instructure Holdings","INST","3450109952","23.5549","United States"
"358","Compass","COMP","3443937024","6.785","United States"
"359","BlackLine","BL","3438904832","55.31","United States"
"360","TOTVS","TOTS3.SA","3429501922","5.78635","Brazil"
"361","Core Scientific","CORZ","3390468096","13.13","United States"
"362","Kinaxis","KXS.TO","3357115637","119.498","Canada"
"363","CyberAgent","4751.T","3336571154","6.58955","Japan"
"364","Jfrog","FROG","3318271232","30.05","United States"
"365","C3 AI","AI","3295236096","25.94","United States"
"366","Life360","LIF","3290861568","44.39","United States"
"367","RingCentral","RNG","3284401408","35.77","United States"
"368","DigitalOcean","DOCN","3262179328","35.35","United States"
"369","Braze","BRZE","3243604992","31.575","United States"
"370","IonQ","IONQ","3236786176","15.1198","United States"
"371","NCsoft","036570.KS","3197263335","161.69","South Korea"
"372","Riot Blockchain","RIOT","3194749696","9.6133","United States"
"373","DoubleVerify","DV","3052194048","17.96","United States"
"374","Perfect World Entertainment","002624.SZ","3037306116","1.56565","China"
"375","Sino-American Silicon Products","5483.TWO","3019036669","4.91562","Taiwan"
"376","FormFactor","FORM","3015865088","38.97","United States"
"377","Playtika","PLTK","2981403648","8.015","Israel"
"378","Asana","ASAN","2968390912","13.0099","United States"
"379","Agilysys","AGYS","2933125632","104.94","United States"
"380","Hemnet Group AB","HEM.ST","2918622820","30.4795","Sweden"
"381","momo.com Inc.","8454.TW","2876043315","11.3967","Taiwan"
"382","Paycor","PYCR","2861152000","16","United States"
"383","Playtech","PTEC.L","2847227779","9.33753","Isle of Man"
"384","Soitec","SOI.PA","2842778404","76.5373","France"
"385","Teradata","TDC","2809473792","29.2349","United States"
"386","Axcelis Technologies","ACLS","2788967680","85.505","United States"
"387","Synaptics","SYNA","2776491776","69.55","United States"
"388","Progress Software","PRGS","2769732352","64.555","United States"
"389","Appian","APPN","2738402048","37.85","United States"
"390","Deliveroo","ROO.L","2732401654","1.74266","United Kingdom"
"391","VisEra Technologies","6789.TW","2727699859","8.61016","Taiwan"
"392","Melexis NV","MELE.BR","2700533729","66.3432","Belgium"
"393","CleanSpark","CLSK","2688473856","10.4137","United States"
"394","Comet Holding","COTN.SW","2622845468","337.388","Switzerland"
"395","LifeStance Health Group","LFST","2592270848","6.775","United States"
"396","Nan Ya PCB","8046.TW","2579484904","3.99198","Taiwan"
"397","Kulicke and Soffa Industries","KLIC","2563572224","47.03","Singapore"
"398","Zip Co","ZIP.AX","2554699531","1.95674","Australia"
"399","iQIYI","IQ","2485527040","2.59","China"
"400","Rapid7","RPD","2469845504","39.37","United States"
"401","TeraWulf","WULF","2454366208","6.415","United States"
"402","VusionGroup","VU.PA","2442925495","151.439","France"
"403","ePlus","PLUS","2409736960","89.695","United States"
"404","Grindr","GRND","2407570688","13.68","United States"
"405","Kakao Pay","377300.KS","2385487118","17.7279","South Korea"
"406","Ambarella","AMBA","2378649600","57.63","United States"
"407","ODDITY Tech","ODD","2378514176","41.64","Israel"
"408","Just Eat Takeaway","TKWY.AS","2365608304","11.486","Netherlands"
"409","Lufax","LU","2362853888","2.6297","China"
"410","Powerchip Semiconductor Manufacturing","6770.TW","2351817882","0.56514","Taiwan"
"411","Weibo","WB","2343273472","9.255","China"
"412","Mercari","4385.T","2342482102","14.2806","Japan"
"413","Lightspeed POS","LSPD","2341989120","15.46","Canada"
"414","dLocal","DLO","2339779840","8.215","Uruguay"
"415","TeamViewer","TMV.DE","2339260986","14.6369","Germany"
"416","Exclusive Networks","EXN.PA","2336814304","25.785","France"
"417","AvePoint","AVPT","2330327808","12.48","United States"
"418","Vishay Intertechnology","VSH","2318166784","16.95","United States"
"419","Calix","CALX","2307796736","34.8","United States"
"420","N-Able","NABL","2305871616","12.445","United States"
"421","Yelp","YELP","2305673728","34.46","United States"
"422","Trainline","TRN.L","2302541119","5.20197","United Kingdom"
"423","Omnicell","OMCL","2290491136","49.8","United States"
"424","SolarWinds","SWI","2266901760","13.29","United States"
"425","Five9","FIVN","2263756544","30.29","United States"
"426","VIZIO","VZIO","2253351680","11.215","United States"
"427","PAR Technology","PAR","2233818368","61.565","United States"
"428","TietoEVRY","TIETO.HE","2212342538","18.6546","Finland"
"429","Flywire","FLYW","2192102400","17.5","United States"
"430","Yubico","YUBICO.ST","2171208985","25.2132","Sweden"
"431","Jamf","JAMF","2169259008","16.995","United States"
"432","Phoenix Group","PHX.AE","2124474489","0.35","United Arab Emirates"
"433","Atoss","AOF.F","2101844710","130.833","Germany"
"434","KFin Technologies","KFINTECH.NS","2092200941","12.1976","India"
"435","Sapiens","SPNS","2078012416","37.285","Israel"
"436","Ibotta","IBTA","2050846464","74.57","United States"
"437","Espressif Systems (Shanghai)","688018.SS","2044164668","18.2189","China"
"438","EverCommerce","EVCM","2032310400","11.03","United States"
"439","Ubisoft","UBI.PA","2007881657","14.6097","France"
"440","NCR Atleos Corporation","NATL","1962093184","27.13","United States"
"441","NCR Voyix Corporation","VYX","1943623680","13.37","United States"
"442","JOYY","YY","1938891392","33.95","China"
"443","Semrush","SEMR","1927124096","13.16","United States"
"444","SoundHound AI","SOUN","1926396160","5.37","United States"
"445","HelloFresh","HFG.DE","1920614741","11.2244","Germany"
"446","Criteo","CRTO","1910407680","34.62","France"
"447","Paradox Interactive","PDX.ST","1906991175","18.0547","Sweden"
"448","Cimpress","CMPR","1902862336","75.65","Ireland"
"449","Cipher Mining","CIFR","1898080512","5.5853","United States"
"450","Northern Data AG","NB2.DE","1895444710","30.2006","Germany"
"451","Qt Group","QTCOM.HE","1890775194","74.4658","Finland"
"452","PROG Holdings","PRG","1884342144","45.3584","United States"
"453","Aixtron","AIXA.F","1856094060","16.4904","Germany"
"454","OVH Groupe","OVH.PA","1826686158","9.36546","France"
"455","Sprinklr","CXM","1826236928","7.205","United States"
"456","Nordic Semiconductor","NOD.OL","1820988283","9.46834","Norway"
"457","Revolve","RVLV","1810881408","25.64","United States"
"458","Silicon Motion","SIMO","1804660224","53.58","Hong Kong"
"459","Marqeta","MQ","1803232128","3.5471","United States"
"460","Diebold Nixdorf","DBD","1793809920","47.75","United States"
"461","Vitec Software Group","VIT-B.ST","1781198640","44.7592","Sweden"
"462","AvidXchange","AVDX","1762534016","8.48","United States"
"463","Pearl Abyss","263750.KQ","1750157538","28.4952","South Korea"
"464","Lemonade","LMND","1748696064","24.49","United States"
"465","MeridianLink","MLNK","1740713600","23.17","United States"
"466","IndiaMART","INDIAMART.NS","1735214687","28.942","India"
"467","PagerDuty","PD","1731410944","18.6057","United States"
"468","Getty Images","GETY","1699118080","4.14","United States"
"469","Esker","ALESK.PA","1696190214","285.216","France"
"470","Siltronic","WAF.F","1694286960","56.4762","Germany"
"471","IREN (Iris Energy)","IREN","1693945984","8.9463","Australia"
"472","Planisware","PLNW.PA","1686858718","23.6372","France"
"473","Rumble","RUM","1670839680","5.89","United States"
"474","LiveRamp","RAMP","1662958592","24.965","United States"
"475","Certara","CERT","1662787712","10.335","United States"
"476","Veeco","VECO","1656980480","29.18","United States"
"477","Wolfspeed","WOLF","1649596032","13","United States"
"478","Bayanat AI","BAYANAT.AE","1645434212","0.64","United Arab Emirates"
"479","Donnelley Financial Solutions","DFIN","1644484608","56.985","United States"
"480","Sterling Check","STER","1640344320","16.74","United States"
"481","UCT (Ultra Clean Holdings)","UCTT","1628922624","36.15","United States"
"482","iFAST Corporation","AIY.SI","1620707950","5.43937","Singapore"
"483","Hut 8 Mining","HUT","1612886784","17.27","Canada"
"484","PEXA Group","PXA.AX","1594819838","8.98774","Australia"
"485","LendingClub","LC","1593747968","14.179","United States"
"486","Nuix Limited","NXL.AX","1591274136","4.8421","Australia"
"487","Hypoport","HYQ.F","1591132804","237.898","Germany"
"488","NextNav","NN","1577736832","12.49","United States"
"489","Teladoc Health","TDOC","1571024000","9.125","United States"
"490","Sprout Social","SPT","1557150592","27.28","United States"
"491","Opera","OPRA","1550173184","17.52","Norway"
"492","Truecaller","TRUE-B.ST","1541718207","4.49084","Sweden"
"493","Asseco","ACP.WA","1526599259","22.387","Poland"
"494","WIN Semiconductors","3105.TWO","1526444168","3.60061","Taiwan"
"495","Zuora","ZUO","1522497536","9.905","United States"
"496","Photronics","PLAB","1520491264","24","United States"
"497","Docebo","DCBO","1488267136","49.23","Canada"
"498","NETSCOUT","NTCT","1488133888","20.75","United States"
"499","Matterport","MTTR","1456833024","4.565","United States"
"500","Everbridge","EVBG","1456560000","35","United States"
"501","Formosa Sumco Technology","3532.TW","1451136194","3.74151","Taiwan"
"502","Rasan Information Technology Company","8313.SR","1449025387","19.1164","Saudi Arabia"
"503","Genius Sports","GENI","1424216320","6.75","United Kingdom"
"504","CSG International","CSGS","1420279168","48.14","United States"
"505","Bytes Technology","BYIT.L","1413058642","5.84701","United Kingdom"
"506","Endava","DAVA","1388713600","23.525","United Kingdom"
"507","Trustpilot Group","TRST.L","1371347028","3.26423","Denmark"
"508","Verint Systems","VRNT","1366291200","22.035","United States"
"509","DeNA","2432.T","1363557131","12.2452","Japan"
"510","BlackBerry","BB","1358891392","2.28","Canada"
"511","Terveystalo","TTALO.HE","1336171374","10.5539","Finland"
"512","Paysafe","PSFE","1330254720","21.91","United States"
"513","Harmonic","HLIT","1329584512","11.41","United States"
"514","Schrödinger","SDGR","1320164480","18.135","United States"
"515","WalkMe","WKME","1309938432","13.95","Israel"
"516","Applied Blockchain","APLD","1304083456","6.055","United States"
"517","Redfin","RDFN","1302993920","10.7001","United States"
"518","Bumble","BMBL","1301266944","7.445","United States"
"519","LegalZoom","LZ","1298650752","7.395","United States"
"520","Nagarro","NA9.DE","1292109062","95.9442","Germany"
"521","Cohu","COHU","1290034048","27.675","United States"
"522","Nexus AG","NXU.DE","1288011164","74.5748","Germany"
"523","Domain Holdings Australia","DHG.AX","1273696322","2.01644","Australia"
"524","Bitdeer Technologies Group","BTDR","1267429120","7.58","Singapore"
"525","VTEX","VTEX","1261410176","6.825","United Kingdom"
"526","Mixi","2121.T","1260710494","18.3284","Japan"
"527","Sabre","SABR","1255954816","3.255","United States"
"528","Spirent","SPT.L","1255319957","2.19133","United Kingdom"
"529","Karooooo","KARO","1251178624","40.5","Singapore"
"530","SiteMinder","SDR.AX","1248777496","4.47729","Australia"
"531","UP Fintech (Tiger Brokers)","TIGR","1227895936","6.65","China"
"532","GungHo Online Entertainment","3765.T","1227332536","21.9915","Japan"
"533","SoftwareONE","SWON.SW","1212987743","7.87046","Switzerland"
"534","Kainos Group","KNOS.L","1212723261","9.63664","United Kingdom"
"535","Elmos Semiconductor","ELG.DE","1209574182","70.6498","Germany"
"536","Iress Limited","IRE.AX","1207999883","6.46719","Australia"
"537","MapmyIndia","MAPMYINDIA.NS","1202317140","22.583","India"
"538","Grid Dynamics","GDYN","1202092160","15.65","United States"
"539","Enghouse Systems","ENGH.TO","1201893962","21.7053","Canada"
"540","ANI Pharmaceuticals","ANIP","1186728576","56.43","United States"
"541","TANLA","TANLA.NS","1183203681","8.79267","India"
"542","Udemy","UDMY","1178880000","8.08","United States"
"543","SUNeVision","1686.HK","1164840519","0.497995","Hong Kong"
"544","Amplitude","AMPL","1160190848","9.39","United States"
"545","ACM Research","ACMR","1158877056","18.5507","United States"
"546","NerdWallet","NRDS","1150787456","15.67","United States"
"547","Vimeo","VMEO","1147298560","6.9199","United States"
"548","GB Group (GBG)","GBG.L","1139697142","4.52051","United Kingdom"
"549","PDF Solutions","PDFS","1137171584","29.35","United States"
"550","Shutterstock","SSTK","1126878592","32.325","United States"
"551","MaxLinear","MXL","1121168256","13.29","United States"
"552","QuinStreet","QNST","1118573312","19.93","United States"
"553","SMART Global Holdings","SGH","1106515712","20.85","United States"
"554","Coursera","COUR","1096842752","6.99","United States"
"555","Taboola.com","TBLA","1092628608","3.255","United States"
"556","Arlo Technologies","ARLO","1088807168","10.895","United States"
"557","A10 Networks","ATEN","1079183616","14.61","United States"
"558","Digi International","DGII","1067693632","29.32","United States"
"559","Lectra SA","LSS.PA","1067596337","27.0933","France"
"560","Webjet Limited","WEB.AX","1067499505","2.71954","Australia"
"561","Phreesia","PHR","1063317632","18.405","United States"
"562","Despegar","DESP","1060637824","14.72","Argentina"
"563","Ichor Systems","ICHR","1056786304","31.37","United States"
"564","Mastek","MASTEK.NS","1056678255","34.2268","India"
"565","Xerox","XRX","1056463680","8.495","United States"
"566","One Software Technologies","ONE.TA","1042735717","14.5783","Israel"
"567","Fastly","FSLY","1040886016","7.51","United States"
"568","Telus International","TIXT","1039904192","3.8","Canada"
"569","Kontron AG","KTN.F","1024692403","16.6049","Austria"
"570","Fiverr","FVRR","1022771776","28.9852","Israel"
"571","Allscripts","MDRX","1017197952","9.45","United States"
"572","Himax","HIMX","1009904768","5.78","Taiwan"
"573","Mensch und Maschine","MUM.F","1004159581","59.0929","Germany"
"574","PROS","PRO","989405056","20.915","United States"
"575","Wemade","112040.KQ","972910055","29.0752","South Korea"
"576","GigaCloud Technology","GCT","960446528","23.22","China"
"577","Dye &amp; Durham","DND.TO","958589165","14.3259","Canada"
"578","Weave Communications","WEAV","952157376","13.13","United States"
"579","Nextdoor","KIND","951669568","2.505","United States"
"580","tuya","TUYA","950651392","1.5784","China"
"581","E2open","ETWO","948703680","3.07","United States"
"582","Blend Labs","BLND","948330112","3.73","United States"
"583","Yext","YEXT","927427264","7.25","United States"
"584","Infibeam Avenues","INFIBEAM.NS","926820975","0.333532","India"
"585","ZipRecruiter","ZIP","921861248","9.28","United States"
"586","Learning Technologies Group","LTG.L","921776118","1.15874","United Kingdom"
"587","Protolabs","PRLB","907325440","36.08","United States"
"588","CI&amp;T","CINT","897435200","6.67","Brazil"
"589","THG (The Hut Group)","THG.L","896081900","0.587302","United Kingdom"
"590","eMudhra","EMUDHRA.NS","895690206","10.816","India"
"591","Nazara Technologies","NAZARA.NS","868798579","11.0164","India"
"592","Alfa Financial Software","ALFA.L","867856696","2.9001","United Kingdom"
"593","Crayon Group","CRAYN.OL","851217941","9.64115","Norway"
"594","Olo","OLO","850245952","5.245","United States"
"595","Bitfarms","BITF","838120320","1.825","Canada"
"596","Couchbase","BASE","833506624","16.24","United States"
"597","Snap One","SNPO","822757696","10.75","United States"
"598","ChipMOS Technologies","IMOS","820048256","22.25","Taiwan"
"599","Raspberry Pi","RPI.L","819930023","4.18498","United Kingdom"
"600","TechTarget","TTGT","816602048","28.58","United States"
"601","Pagaya Technologies","PGY","803172736","10.98","Israel"
"602","CompuGroup Medical","COP.DE","803069027","15.3075","Germany"
"603","i3 Verticals","IIIV","795219392","23.535","United States"
"604","Huya","HUYA","782115264","3.455","China"
"605","Alpha &amp; Omega Semiconductor","AOSL","768280128","26.48","United States"
"606","Equasens","EQS.PA","767784248","51.0794","France"
"607","BitFuFu","FUFU","767480192","4.7113","Singapore"
"608","Bukalapak.com","BUKA.JK","767071910","0.00743849","Indonesia"
"609","Viant Technology","DSP","765416960","12.1112","United States"
"610","Riskified","RSKD","764871936","4.485","Israel"
"611","MediaAlpha","MAX","758837440","11.565","United States"
"612","secunet","YSN.F","753317261","116.441","Germany"
"613","Secureworks","SCWX","744010112","8.37","United States"
"614","Repay Holdings","RPAY","743876416","7.954","United States"
"615","PubMatic","PUBM","729877952","14.72","United States"
"616","Megaport Limited","MP1.AX","720053213","4.49718","Australia"
"617","Auction Technology Group","ATG.L","716684558","5.87822","United Kingdom"
"618","Corsair Gaming","CRSR","715483008","6.87","United States"
"619","AT&amp;S Austria Technologie &amp; Systemtechnik","ATS.VI","710753423","18.2948","Austria"
"620","DoubleDown Interactive","DDI","709238016","14.3126","United States"
"621","Epsilon Net","EPSIL.AT","709114697","13.0833","Greece"
"622","Similarweb","SMWB","704881152","8.71","Israel"
"623","Digimarc","DMRC","700346496","32.695","United States"
"624","TomTom","TOM2.AS","687293711","5.56585","Netherlands"
"625","Computer Modelling Group","CMG.TO","687241122","8.39645","Canada"
"626","EaseMyTrip","EASEMYTRIP.NS","686502268","0.387058","India"
"627","Copperleaf Technologies","CPLF.TO","679468449","8.6346","Canada"
"628","Cantaloupe","CTLP","674027520","9.235","United States"
"629","Liquidity Services","LQDT","672170752","22.015","United States"
"630","NETGEAR","NTGR","668897856","23.25","United States"
"631","Hansen Technologies","HSN.AX","658004487","3.23028","Australia"
"632","Exscientia","EXAI","655418240","5.01","United Kingdom"
"633","Yalla Group","YALA","652967424","4.1101","United Arab Emirates"
"634","Mühlbauer Holding","MUB.DE","640580619","45.1374","Germany"
"635","ECARX Holdings","ECX","627927872","1.83","China"
"636","X-FAB","XFAB.PA","625860410","4.57915","Belgium"
"637","OneSpan","OSPN","621154496","16.35","United States"
"638","Thryv","THRY","619555392","14.745","United States"
"639","Youdao","DAO","617315648","5.165","China"
"640","AMTD Digital","HKD","614838400","3.1999","Hong Kong"
"641","LendingTree","TREE","609574400","45.62","United States"
"642","Gentrack Group","GTK.NZ","605646750","5.84139","New Zealand"
"643","BOE Varitronix","0710.HK","604618636","0.775946","Hong Kong"
"644","Conduent","CNDT","602496576","3.71","United States"
"645","nLIGHT","LASR","601980352","12.5085","United States"
"646","Hesai Group","HSAI","595385984","4.6705","China"
"647","Quadient","QDT.PA","593403297","17.3136","France"
"648","Wiit S.p.A.","WIIT.MI","588497305","22.2416","Italy"
"649","indie Semiconductor","INDI","580268416","3.235","United States"
"650","Hippo","HIPO","579136128","23.24","United States"
"651","Jumia","JMIA","575576064","4.7","Germany"
"652","Rackspace Technology","RXT","567139392","2.5091","United States"
"653","CEVA","CEVA","566329856","23.91","United States"
"654","Simulations Plus","SLP","565895040","28.2","United States"
"655","Stratasys","SSYS","559602752","7.84","Israel"
"656","D2L Inc.","DTOL.TO","558100498","10.2503","Canada"
"657","u-blox","UBXN.SW","552039649","74.8851","Switzerland"
"658","DeFi Technologies","DEFI.NE","550759957","1.68795","Canada"
"659","Wirtualna Polska (WP Holding)","WPL.WA","548163347","18.5099","Poland"
"660","Volue ASA","VOLUE.OL","545604439","3.79279","Norway"
"661","MSTC Limited","MSTCLTD.NS","542759172","7.70965","India"
"662","Magic Software","MGIC","542031168","10.96","Israel"
"663","MYT Netherlands Parent (Mytheresa)","MYTE","538028480","6.31","Germany"
"664","Ituran","ITRN","530164448","26.65","Israel"
"665","Talkspace","TALK","525662496","3.125","United States"
"666","MoneyLion","ML","524513664","47.82","United States"
"667","Gree","3632.T","523029056","3.05802","Japan"
"668","Bit Digital","BTBT","512838240","3.47","United States"
"669","Unisys","UIS","512243584","7.385","United States"
"670","Koh Young Technology","098460.KQ","500898816","7.61322","South Korea"
"671","DocMorris","DOCM.SW","498864996","38.681","Switzerland"
"672","Nexters","GDEV","497926016","27.5","Cyprus"
"673","PowerFleet","PWFL","490589504","4.57","United States"
"674","Nano Dimension","NNDM","487804544","2.225","United States"
"675","cBrain","CBRAIN.CO","487581723","24.929","Denmark"
"676","Sohu.com","SOHU","485815872","14.7","China"
"677","Dave Inc.","DAVE","484596896","38.25","United States"
"678","Cognyte Software","CGNT","475944896","6.62","Israel"
"679","PlayWay","PLW.WA","468850835","71.038","Poland"
"680","SkyWater Technology","SKYT","467002656","9.8359","United States"
"681","Coveo Solutions","CVO.TO","466043633","4.83301","Canada"
"682","Avalon Technologies","AVALON.NS","464873247","7.02629","India"
"683","3D Systems","DDD","462166048","3.46","United States"
"684","Asseco Business Solutions","ABS.WA","461342530","14.0575","Poland"
"685","Qudian","QD","461198720","2.435","China"
"686","Gravity Co.","GRVY","457237632","65.8","South Korea"
"687","Cigniti Technologies","CIGNITITEC.NS","457025999","16.7366","India"
"688","Consensus Cloud Solutions","CCSI","456089312","23.635","United States"
"689","COLOPL","3668.T","452483385","3.52495","Japan"
"690","Absci","ABSI","447978400","3.945","United States"
"691","Lesaka Technologies","LSAK","442055296","5.49","South Africa"
"692","Stitch Fix","SFIX","442047840","3.485","United States"
"693","Team17","TM17.L","439942695","3.05616","United Kingdom"
"694","HIVE Blockchain Technologies","HIVE","438839104","3.6799","Canada"
"695","Linedata Services","LIN.PA","437405635","87.44","France"
"696","BigBear.ai","BBAI","436377376","1.745","United States"
"697","IQGeo Group","IQG.L","430880662","6.21635","United Kingdom"
"698","Xperi","XPER","429211584","9.37","United States"
"699","Locaweb","LWSA3.SA","429152181","0.783154","Brazil"
"700","Bravura Solutions","BVS.AX","428247199","0.955154","Australia"
"701","Groupon","GRPN","427026720","10.745","United States"
"702","RPMGlobal Holdings Limited","RUL.AX","423121842","1.91031","Australia"
"703","Navitas Semiconductor","NVTS","422870688","2.305","Ireland"
"704","Red Violet","RDVT","419360032","30.54","United States"
"705","Chrysos Corporation Limited","C79.AX","413225638","3.58846","Australia"
"706","BigCommerce","BIGC","408203808","5.25","United States"
"707","Luminar Technologies","LAZR","407237888","0.8045","United States"
"708","Priority Technology Holdings","PRTH","405670880","5.28","United States"
"709","Mitek Systems","MITK","403821216","8.74","United States"
"710","Perion Network","PERI","401950272","8.495","Israel"
"711","Pexip","PEXIP.OL","401066542","3.93832","Norway"
"712","New Work","NWO.F","396865472","70.6111","Germany"
"713","Lightwave Logic","LWLG","394837920","3.2708","United States"
"714","The RealReal","REAL","391135296","3.605","United States"
"715","Quick Heal","QUICKHEAL.NS","386397088","7.16843","India"
"716","Logility Supply Chain Solutions","LGTY","384254880","10.83","United States"
"717","Nucleus Software Exports","NUCLEUS.NS","380287364","14.4457","India"
"718","Pinewood Technologies Group","PINE.L","379076152","4.38266","United Kingdom"
"719","Com2uS","078340.KQ","377236198","33.0269","South Korea"
"720","Text (LiveChat)","TXT.WA","373574871","14.5078","Poland"
"721","8x8","EGHT","372798656","2.905","United States"
"722","Canaan","CAN","368305920","1.28","China"
"723","Webzen","069080.KQ","365349168","12.3987","South Korea"
"724","CS Disco","LAW","362830432","6.1","United States"
"725","TrueCar","TRUE","362648704","3.99","United States"
"726","Materialise NV","MTLS","360900608","6.11","Belgium"
"727","Aehr Test Systems","AEHR","357348672","12.06","United States"
"728","PSI Software","PSAN.DE","356298299","23.0048","Germany"
"729","Frequentis","FQT.VI","355895369","26.8208","Austria"
"730","Stemmer Imaging","S9I.DE","355756651","54.7318","Germany"
"731","Ouster","OUST","354502752","7.335","United States"
"732","SmartRent","SMRT","354189504","1.75","United States"
"733","Zhihu","ZH","354161504","3.5","China"
"734","ReposiTrak","TRAK","353700640","19.385","United States"
"735","Qoria Limited","QOR.AX","351252581","0.271954","Australia"
"736","Faro Technologies","FARO","348111776","17.855","United States"
"737","Appen","APX.AX","343916636","1.35977","Australia"
"738","Sidetrade","ALBFR.PA","341250763","244.222","France"
"739","Vecima Networks","VCM.TO","340758728","14.0157","Canada"
"740","Infomedia Ltd","IFM.AX","340037437","0.90209","Australia"
"741","Exail Technologies","EXA.PA","336870057","19.6249","France"
"742","Digital Turbine","APPS","329397088","3.205","United States"
"743","kneat.com","FOBK.F","324382346","3.40166","Ireland"
"744","BrainChip","BRN.AX","324295052","0.155876","Australia"
"745","Transphorm","TGAN","323123744","5.1","United States"
"746","Spok Holdings","SPOK","322331168","15.9","United States"
"747","Backblaze","BLZE","319502912","7.45","United States"
"748","Infotel SA","INF.PA","319171670","46.3367","France"
"749","Neowiz Games","095660.KQ","317838896","15.589","South Korea"
"750","Domo","DOMO","317159680","8.21","United States"
"751","Allient","ALNT","314984672","18.7","United States"
"752","Agora.io","API","310875520","3.38","China"
"753","Iteris","ITI","309474144","7.19","United States"
"754","Shoper","SHO.WA","306127554","10.8808","Poland"
"755","Fonix Mobile","FNX.L","304414930","3.07566","United Kingdom"
"756","Telos","TLS","304201120","4.21","United States"
"757","AdTheorent","ADTH","294061440","3.2","United States"
"758","Mobile-health Network Solutions","MNDR","288394048","0.44","Singapore"
"759","Accelya","ACCELYA.NS","288192821","19.3077","India"
"760","MotorK","MTRK.AS","286743969","6.30179","Italy"
"761","Serko Limited","SKO.NZ","275834486","2.25131","New Zealand"
"762","accesso Technology Group","ACSO.L","271973137","6.81458","United Kingdom"
"763","Arteris","AIP","270874688","6.9","United States"
"764","AudioEye","AEYE","269299200","22.67","United States"
"765","Spire Global","SPIR","264818672","10.89","United States"
"766","Tracsis","TRCS.L","264468510","8.71329","United Kingdom"
"767","AudioCodes","AUDC","262089632","9.005","Israel"
"768","Weebit Nano","WBT.AX","260741916","1.37303","Australia"
"769","POET Technologies","POET","255898144","3.62","Canada"
"770","Red Cat Holdings","RCAT","253751280","3.365","United States"
"771","PLAID,Inc.","4165.T","251349238","6.20812","Japan"
"772","ON24","ONTF","250836976","6.04","United States"
"773","Aptitude Software Group","APTD.L","250170572","4.40672","United Kingdom"
"774","IVU Traffic Technologies","IVU.DE","247260794","14.1736","Germany"
"775","The Original BARK Company","BARK","246439568","1.42","United States"
"776","Newegg","NEGG","244394640","0.63","United States"
"777","Intchains Group","ICG","241846352","4.03","China"
"778","Troops","TROO","234691376","2.31","Hong Kong"
"779","ReadyTech Holdings","RDY.AX","232821783","1.93684","Australia"
"780","SOPHiA GENETICS","SOPH","232391840","3.51","Switzerland"
"781","Beeks Financial Cloud Group","BKS.L","231902349","3.47459","United Kingdom"
"782","Asure Software","ASUR","227832464","8.58","United States"
"783","TASK Group","TSK.AX","223477998","0.583705","Australia"
"784","Microvision","MVIS","221418400","1.0207","United States"
"785","Marvelous","7844.T","219094293","3.61702","Japan"
"786","Outbrain","OB","215478400","4.34","United States"
"787","OPTiM","3694.T","214416281","3.89323","Japan"
"788","Netcall","NET.L","212995948","1.27123","United Kingdom"
"789","D-Wave Quantum","QBTS","212507568","1.055","Canada"
"790","BlackSky Technology","BKSY","212452848","7.055","United States"
"791","Rigetti Computing","RGTI","212279744","1.11","United States"
"792","Aeva Technologies","AEVA","211911184","3.95","United States"
"793","Kaltura","KLTR","208590192","1.4","United States"
"794","Porch Group","PRCH","208454512","2.075","United States"
"795","Ceragon Networks","CRNT","206956480","2.4101","Israel"
"796","Forge Global","FRGE","206052752","1.125","United States"
"797","Tucows","TCX","200564416","18.27","Canada"
"798","Paysign","PAYS","199683088","3.7","United States"
"799","iLearningEngines","AILE","198348048","1.405","United States"
"800","UNITED","2497.T","194417334","4.9586","Japan"
"801","Automatic Bank Services","SHVA.TA","191279737","4.78199","Israel"
"802","Arab Sea Information Systems Company","7201.SR","190897699","1.90898","Saudi Arabia"
"803","Perfect Corp.","PERF","190457632","1.87","Taiwan"
"804","Valens Semiconductor","VLN","188824496","1.775","Israel"
"805","Digia Oyj","DIGIA.HE","185100829","6.93415","Finland"
"806","Sylogist","SYZ.TO","184930188","7.92036","Canada"
"807","Visiativ SA","ALVIV.PA","184832369","40.1999","France"
"808","Playstudios","MYPS","184498288","1.48","United States"
"809","Dropsuite","DSE.AX","184082515","2.62004","Australia"
"810","Chegg","CHGG","183495904","1.77","United States"
"811","LifeMD","LFMD","182612128","4.24","United States"
"812","RumbleON","RMBL","181974736","5.15","United States"
"813","Freelance.com SA","ALFRE.PA","180497532","3.19451","France"
"814","Baozun","BZUN","180318816","3.04","China"
"815","Cegedim SA","CGM.PA","180203384","12.8107","France"
"816","Fabasoft","FAA.DE","180072255","16.5177","Austria"
"817","3P Learning","3PL.AX","179209445","0.656668","Australia"
"818","Eagle Eye Solutions Group","EYE.L","178685380","6.00827","United Kingdom"
"819","Microlise","SAAS.L","176090140","1.36552","United Kingdom"
"820","Smart Parking Limited","SPZ.AX","174915348","0.500793","Australia"
"821","The Platform Group","TPG.F","168579782","8.3297","Germany"
"822","Silvaco Group","SVCO","168545824","6.41","United States"
"823","Expensify","EXFY","168335200","1.915","United States"
"824","Tingo Group","TIO","166947568","0.69","United States"
"825","Rimini Street","RMNI","166838208","1.835","United States"
"826","Corero Network Security","CNS.L","166516566","0.325123","United Kingdom"
"827","Nerdy","NRDY","165386928","0.9289","United States"
"828","Baijiayun Group","RTC","164933600","8","China"
"829","Genasys","GNSS","163696688","3.67","United States"
"830","IQE plc","IQE.L","161239067","0.160741","United Kingdom"
"831","Unifiedpost Group","UPG.BR","160347091","4.26297","Belgium"
"832","Gooch &amp; Housego","GHH.L","157616927","6.29438","United Kingdom"
"833","11 bit studios","11B.WA","157504409","65.1599","Poland"
"834","Ansarada Group","AND.AX","155047389","1.64292","Australia"
"835","Drecom","3793.T","155011771","5.30715","Japan"
"836","Geospace Technologies","GEOS","153870512","11.92","United States"
"837","Magnachip","MX","151032608","4.05","Luxembourg"
"838","24SevenOffice","247.ST","150134405","2.20907","Sweden"
"839","Compugen","CGEN","150100096","1.67","Israel"
"840","Serviceware","SJJ.DE","149967292","14.2826","Germany"
"841","eGain","EGAN","148276800","5.1987","United States"
"842","Eleco","ELCO.L","147692720","1.79338","United Kingdom"
"843","Digital Bros","DIB.MI","147011304","9.96511","Italy"
"844","Lantronix","LTRX","146010432","3.8","United States"
"845","SNGULAR","SNG.MC","145567641","2.74749","Spain"
"846","eHealth","EHTH","145353840","4.9431","United States"
"847","ZeroFox","ZFOX","142321024","1.14","United States"
"848","Frontier Developments","FDEV.L","142123817","3.68039","United Kingdom"
"849","Celebrus Technologies","CLBS.L","141641772","3.59163","United Kingdom"
"850","Cheetah Mobile","CMCM","141441120","4.7331","China"
"851","Arbe Robotics","ARBE","140843344","1.7407","Israel"
"852","WM Technology","MAPS","139400560","0.8312","United States"
"853","American Well","AMWL","139256992","9.09","United States"
"854","Allot","ALLT","137816144","3.56","Israel"
"855","Tribal Group","TRB.L","137322246","0.643093","United Kingdom"
"856","Dominion Hosting","DHH.MI","135695351","27.911","Italy"
"857","Concurrent Technologies","CNC.L","135288808","1.56709","United Kingdom"
"858","Userjoy Technology","3546.TWO","135204826","2.54548","Taiwan"
"859","iomart Group","IOM.L","134350051","1.19385","United Kingdom"
"860","Computer Programs and Systems","CPSI","133326672","9.19","United States"
"861","CuriosityStream","CURI","132678736","2.43","United States"
"862","Beta Systems Software","BSS.F","131399913","28.5652","Germany"
"863","Skillsoft","SKIL","131272648","15.95","United States"
"864","Atomera","ATOM","130940360","4.55","United States"
"865","Cerence","CRNC","127920544","3.06","United States"
"866","Thinkific Labs","THNC.TO","127871312","1.8755","Canada"
"867","SoundThinking 
 (ShotSpotter)","SSTI","127789368","9.9969","United States"
"868","Everspin Technologies","MRAM","127775448","5.8524","United States"
"869","CoreCard","CCRD","123811816","15.6701","United States"
"870","Veritone","VERI","123756424","3.25","United States"
"871","Allied Tecnologia","ALLD3.SA","123126007","1.31217","Brazil"
"872","23andMe","ME","122724800","4.75","United States"
"873","Xunlei","XNET","122252928","1.92","China"
"874","Serverworks","4434.T","121874009","15.5203","Japan"
"875","GCT Semiconductor","GCTS","121506504","2.569","United States"
"876","Marti Technologies","MRT","119483208","2.0389","Turkey"
"877","trivago","TRVG","117742240","1.685","Germany"
"878","Vectron Systems","V3S.DE","117395595","13.2468","Germany"
"879","Synchronoss","SNCR","116187464","10.74","United States"
"880","Mondee","MOND","114952168","1.315","United States"
"881","OneConnect","OCFT","114605680","2.59","China"
"882","Neonode","NEON","110895520","7.17","Sweden"
"883","Innoviz","INVZ","107040688","0.6415","Israel"
"884","LivePerson","LPSN","106955728","1.185","United States"
"885","Quicklogic","QUIK","106527576","7.3642","United States"
"886","Quantum Computing","QUBT","103631664","1.1","United States"
"887","Easy Software","ESY.HM","103246821","16.027","Germany"
"888","2CRSI","AL2SI.PA","103011374","4.62276","France"
"889","Pulsar Group","PULS.L","102133961","0.799802","United Kingdom"
"890","Gigas Hosting","GIGA.MC","101122547","8.7222","Spain"
"891","Skillz","SKLZ","100503160","5.6246","United States"
"892","gumi","3903.T","100243858","2.02553","Japan"
"893","Almawave","AIW.MI","98683166","3.21631","Italy"
"894","Rekor Systems","REKR","98681408","1.115","United States"
"895","1Spatial","SPA.L","98408209","0.884855","United Kingdom"
"896","NFON AG","NFN.DE","98238727","5.66943","Germany"
"897","People Can Fly","PCF.WA","95472574","2.65642","Poland"
"898","Bigtincan","BTH.AX","95378311","0.116078","Australia"
"899","Alarum Technologies","ALAR","94862952","13.8101","Israel"
"900","OptimizeRx","OPRX","93350080","5.095","United States"
"901","iHuman","IH","93219664","1.78","China"
"902","Micro Systemation","MSAB-B.ST","91924471","4.97739","Sweden"
"903","Creotech Instruments","CRI.WA","91654011","38.5206","Poland"
"904","Lucas GC","LGCL","90733984","1.1404","China"
"905","System1","SST","90670904","0.9992","United States"
"906","Viomi Technology","VIOT","90144192","1.3198","China"
"907","Doma","DOMA","89086200","6.28","United States"
"908","Agile Content","AGIL.MC","88897139","3.88138","Spain"
"909","Airtasker","ART.AX","88698021","0.195674","Australia"
"910","Silicom","SILC","87519648","14.35","Israel"
"911","authID","AUID","87367200","8","United States"
"912","Vantiva","VANTI.PA","86605460","0.175098","France"
"913","Vuzix","VUZI","86498216","1.175","United States"
"914","1-800-PetMeds","PETS","85286896","4.14","United States"
"915","Argo Blockchain","ARBK","85148448","1.198","United Kingdom"
"916","Satixfy Communications","SATX","84814200","1","Israel"
"917","Research Solutions","RSSS","84650328","2.601","United States"
"918","Streamwide","ALSTW.PA","84097924","30.7457","France"
"919","Identiv","INVE","83459312","3.555","United States"
"920","ThredUp","TDUP","79559008","0.7076","United States"
"921","Amtech Systems","ASYS","78203400","5.5","United States"
"922","Phunware","PHUN","76768648","6.7702","United States"
"923","centrotherm international","CTNK.F","76140340","3.59791","Germany"
"924","Mister Spex","MRX.F","74861326","2.19145","Germany"
"925","The9","NCTY","73423136","8.17","China"
"926","Nacon","NACON.PA","71400802","0.643262","France"
"927","stem","STEM","70407376","0.4326","United States"
"928","Payfare Inc.","PAY.TO","70262339","1.46433","Canada"
"929","CI Games","CI7.F","70020659","0.366986","Poland"
"930","Comtech Telecommunications","CMTL","69424416","2.405","United States"
"931","Natural Health Trends","NHTC","69308864","6.02","United States"
"932","Sequans Communications","SQNS","68730472","2.75","France"
"933","Vacasa","VCSA","68533032","3.035","United States"
"934","Freightos","CRGO","67515000","1.4","Israel"
"935","Mentice AB","MNTC.ST","66492881","2.60055","Sweden"
"936","WALLIX Group","ALLIX.PA","66392255","9.85608","France"
"937","Parrot S.A.","PARRO.PA","65031609","2.12604","France"
"938","Forian","FORA","64244012","2.065","United States"
"939","Zenvia","ZENV","62765108","1.2101","Brazil"
"940","Stronghold Digital Mining","SDIG","62566996","4.32","United States"
"941","Latch","LTCH","61025300","0.35","United States"
"942","Semilux International","SELX","59885440","1.6","Taiwan"
"943","111, Inc.","YI","59767988","0.6977","China"
"944","Upland Software","UPLD","59575552","2.185","United States"
"945","Richtech Robotics","RR","59210264","0.6206","United States"
"946","cyan AG","CYR.DE","58992433","2.92194","Germany"
"947","Where Food Comes From","WFCF","58980240","11.01","United States"
"948","Bakkt Holdings","BKKT","58917216","9.32","United States"
"949","Ateme SA","ATEME.PA","58421068","4.94985","France"
"950","YOC AG","YOC.DE","56475744","16.2451","Germany"
"951","3i Infotech","3IINFOLTD.NS","56121461","0.331034","India"
"952","Palladyne AI","PDYN","56056068","2.0609","United States"
"953","Exasol AG","EXL.DE","55797924","2.31138","Germany"
"954","Ondas Holdings","ONDS","55625228","0.731","United States"
"955","Airship AI","AISP","54701840","2.055","United States"
"956","freelancer.com","FLN.AX","53836671","0.119394","Australia"
"957","KLab","3656.T","53789925","1.1706","Japan"
"958","Méliuz","CASH3.SA","53046339","0.608544","Brazil"
"959","Xiao-I","AIXI","52650252","6.3744","China"
"960","ATARI","ALATA.PA","51996603","0.118295","France"
"961","CarParts.com","PRTS","51200988","0.955","United States"
"962","Cepton","CPTN","50054784","3.12","United States"
"963","Gorilla Technology","GRRR","48883996","4.21","Taiwan"
"964","Automated Systems Company KPSC","ASC.KW","48645119","486.451","Kuwait"
"965","reAlpha Tech","AIRE","48157724","1.05","United States"
"966","Intellicheck","IDN","48096368","2.4622","United States"
"967","One Stop Systems","OSS","46913404","2.23","United States"
"968","Coheris SA","COH.PA","46608256","8.04623","France"
"969","Mobile Factory","3912.T","45639947","6.05028","Japan"
"970","Beamr Imaging","BMR","45448404","2.93","Israel"
"971","SHL Telemedicine","SHLT","44748524","2.73","Israel"
"972","TransAct Technologies","TACT","41792936","4.18","United States"
"973","Pixelworks","PXLW","40547052","0.6925","United States"
"974","SYLA Technologies","SYT","39512716","1.49","Japan"
"975","Avant Technologies Inc.","AVAI","39386536","0.3231","United States"
"976","Zoomd Technologies","ZOMD.V","37680961","0.382313","Canada"
"977","Mynaric","MYNA","37657216","1.49","Germany"
"978","Techstep ASA","TECH.OL","37397076","1.0869","Norway"
"979","Usio","USIO","37211368","1.36","United States"
"980","Scienjoy","SJ","37100576","0.8866","China"
"981","KORE","KORE","37090240","2.05","United States"
"982","Starbox Group","STBX","35909860","1.2013","Malaysia"
"983","Starbreeze","STAR-B.ST","35861448","0.024104","Sweden"
"984","Katapult Holdings","KPLT","35768916","8.5799","United States"
"985","Akili","AKLI","34096536","0.4331","United States"
"986","Duos Technologies Group","DUOT","32862356","4.0901","United States"
"987","HiPay Group","ALHYP.PA","32669274","6.58526","France"
"988","Wag! Group","PET","32203056","0.6598","United States"
"989","SurgePays","SURG","32184186","1.63","United States"
"990","BIT Mining (500.com)","BTCM","32016776","2.7736","China"
"991","Verimatrix","VMX.PA","31800148","0.372874","France"
"992","INTERSHOP Communications","ISHA.DE","31638441","2.16965","Germany"
"993","Nano Labs","NA","31059848","3.1637","China"
"994","Tose Software","4728.T","31054495","4.09709","Japan"
"995","enish","3667.T","30363186","1.13114","Japan"
"996","Nippon Ichi Software","3851.T","30050155","5.93848","Japan"
"997","Swvl Holdings","SWVL","29765306","3.495","United Arab Emirates"
"998","Cazoo","CZOO","29541640","6.04","United Kingdom"
"999","geechs","7060.T","29131620","2.82127","Japan"
"1000","Wedia SA","ALWED.PA","28661428","33.5805","France"
"1001","Gryphon Digital Mining","GRYP","27429908","0.5516","United States"
"1002","Aterian","ATER","26024124","3.03","United States"
"1003","Greenidge Generation Holdings","GREE","24224920","2.2701","United States"
"1004","Sphere 3D","ANY","21778286","1.0499","Canada"
"1005","CXApp","CXAI","21530714","1.3402","United States"
"1006","Mobix Labs","MOBX","21443028","0.701","United States"
"1007","WISeKey International","WKEY","20779166","1.97","Switzerland"
"1008","Lifeward","LFWD","20442906","2.33","Israel"
"1009","Appirits","4174.T","19576847","4.74158","Japan"
"1010","Ekso Bionics","EKSO","19140808","0.8701","United States"
"1011","AppTech Payments","APCX","18973524","0.698","United States"
"1012","SIMPPLE","SPPL","17691208","1.0903","Singapore"
"1013","VIA optronics AG","VIAO","17465854","0.2231","Germany"
"1014","NJ Holdings","9421.T","17021049","3.21586","Japan"
"1015","Focus Universal","FCUV","16178133","0.2356","United States"
"1016","Hanryu Holdings","HRYU","15842581","0.3","South Korea"
"1017","SeaChange","SEAC","15531583","6.01","United States"
"1018","Pintec Technology","PT","15150600","0.95","China"
"1019","Silicon Studio","3907.T","14495813","5.28084","Japan"
"1020","SOS Limited","SOS","14225008","0.7199","China"
"1021","HUB Cyber Security","HUBC","13405314","0.4401","Israel"
"1022","Smith Micro Software","SMSI","13304299","0.7501","United States"
"1023","Global Mofy Metaverse","GMM","13278255","0.392","China"
"1024","WeTrade Group","WETG","13256907","5.05","China"
"1025","Advanced Health Intelligence","AHI","13100460","1.5","Australia"
"1026","WonderPlanet","4199.T","12857897","5.05067","Japan"
"1027","Earlyworks","ELWS","12845519","4.26","Japan"
"1028","Guardforce AI","GFAI","12695006","1.0699","Singapore"
"1029","Exela Technologies","XELA","12629511","1.9841","United States"
"1030","Marpai","MRAI","12366450","0.9","United States"
"1031","Witbe S.A.","ALWIT.PA","12310717","2.99826","France"
"1032","The Glimpse Group","VRAR","11808030","0.65","United States"
"1033","Jump Networks","JUMPNET.NS","11669324","0.12","India"
"1034","BloomZ","BLMZ","11294462","0.841","United States"
"1035","ADVFN","AFN.L","11135800","0.240591","United Kingdom"
"1036","Velo3D","VLD","11036441","1.28","United States"
"1037","SEALSQ","LAES","10779095","0.364","Switzerland"
"1038","Foresight Autonomous Holdings","FRSX","10056322","0.5919","Israel"
"1039","Jet.AI","JTAI","9960593","0.0649","United States"
"1040","AEye","LIDR","9732153","1.0899","United States"
"1041","Blackboxstocks","BLBX","9702462","2.7501","United States"
"1042","Rubicon Technologies","RBT","9576028","0.1715","United States"
"1043","Rail Vision","RVSN","9565372","0.4689","Israel"
"1044","Castellum","CTM","9516239","0.1696","United States"
"1045","CISO Global (Cerberus Cyber Sentinel)","CISO","9309747","0.7875","United States"
"1046","Kalray","ALKAL.PA","9250138","0.968164","France"
"1047","Mobilicom","MOB","8891232","1.4","Australia"
"1048","Socket Mobile","SCKT","8662689","1.14","United States"
"1049","Missfresh","MF","8143030","1","China"
"1050","Urgent.ly Inc.","ULY","8134995","0.6059","United States"
"1051","Yunji","YJ","8022830","1.632","China"
"1052","Verb Technology","VERB","7891368","10.84","United States"
"1053","Locafy","LCFY","7759600","6.08","Australia"
"1054","Cyngn","CYN","7700814","3.8","United States"
"1055","Marin Software","MRIN","6535374","2.0888","United States"
"1056","Edgio","EGIO","6499438","1.11","United States"
"1057","Onfolio Holdings","ONFO","6101606","1.19","United States"
"1058","Remark Holdings","MARK","5620016","0.1103","United States"
"1059","Versus Systems","VS","4897401","1.92","Canada"
"1060","IMTE","IMTE","4564145","1.3301","Australia"
"1061","Kidpik","PIK","4527804","2.32","United States"
"1062","2U","TWOU","4432405","1.58","United States"
"1063","Treasure Global","TGL","4253198","0.4858","Malaysia"
"1064","Signing Day Sports","SGN","4197692","0.193","United States"
"1065","Oblong","OBLG","4106522","3.833","United States"
"1066","Energous","WATT","3870357","0.5696","United States"
"1067","BIO-key International","BKYI","3855519","1.24","United States"
"1068","Trust Stamp","IDAI","3669860","0.195","United States"
"1069","Markforged","MKFG","3660514","0.1801","United States"
"1070","OLB Group","OLB","3433377","1.91","United States"
"1071","Fr8Tech 
 (Freight Technologies)","FRGT","3288314","1.64","United States"
"1072","Shapeways","SHPW","1984938","0.3","United States"
"1073","AgEagle Aerial Systems","UAVS","1972863","2.3199","United States"
"1074","G Medical Innovations","GMVD","1776616","0.181","Israel"
"1075","Netcapital","NCPL","1746737","1.61","United States"
"1076","Arqit Quantum","ARQQ","1706307","0.2501","United Kingdom"
"1077","SaverOne 2014","SVRE","1668561","1.49","Israel"
"1078","Presto Automation","PRST","1255557","0.003","United States"
"1079","Zoom Telephonics","MINM","1180069","0.42","United States"
"1080","Quantum","QMCO","1015051","0.2118","United States"
"1081","Streamline Health Solutions","STRM","843899","0.1999","United States"
"1082","Movella","MVLA","763611","0.015","United States"
"1083","Super League Gaming","SLGG","291827","0.0856","United States"
"1084","Fintech Scion (FintechCashier)","FINR","198743","0.001","United Kingdom"
"1085","Triterras","TRIRF","61219","0.0008","Singapore"
"1086","Cemtrex","CETX","60449","0.208","United States"
"1087","Onion Global","OGBLY","11343","0.0002","China"
"1088","Vinco Ventures","BBIG","5200","0.0004","United States"
"1089","Grom Social Enterprises","GROM","3609","0.0004","United States"
"1090","Yandex","YNDX.ME","0","0","Netherlands"
"1091","Ozon","OZON.ME","0","45.47","United States"
